nproc,time(s)
1,132.291615
2,96.347844
4,36.874097
8,18.773892
16,11.588686
32,4.685241
64,2.443431
128,1.171829
256,0.678909